{
  "total_cost": 0.17955637324494614,
  "startup_cost": 0.08824189180128818,
  "actual_rows": 0.08952737953679811,
  "plan_rows": 0.04687586494495102,
  "plan_depth": 0.08379240342171071,
  "exec_ms": 0.03887524625072967,
  "actual_total_ms": 0.05510499789007775,
  "has_seq_scan": 0.010705544905876701,
  "has_nested_loop": 0.011494687847117865,
  "has_hash_join": 0.01308755122083129,
  "has_sort": 0.006120888313490904,
  "has_index_scan": 0.011077335468711837,
  "row_accuracy": 0.13967898672864276,
  "cache_hit_ratio": 0.0,
  "subquery_count": 0.08019583973223816,
  "danger_score": 0.1456650086925888
}